{
    "metrics": {
        "data_received": {
            "count": 101247,
            "rate": 18434.500560989854
        },
        "http_req_duration": {
            "med": 3972.0099,
            "max": 4805.7313,
            "p(90)": 4631.48723,
            "p(95)": 4747.938085,
            "avg": 3838.8056333333343,
            "min": 266.9015,
            "thresholds": {
                "p(95)<1500": true,
                "p(99)<3000": true
            }
        },
        "http_req_tls_handshaking": {
            "avg": 0,
            "min": 0,
            "med": 0,
            "max": 0,
            "p(90)": 0,
            "p(95)": 0
        },
        "http_req_sending": {
            "p(95)": 0.9488,
            "avg": 0.2394019607843137,
            "min": 0,
            "med": 0,
            "max": 5.1333,
            "p(90)": 0.62097
        },
        "http_req_waiting": {
            "avg": 3838.0478784313705,
            "min": 266.2151,
            "med": 3970.1966,
            "max": 4804.7035,
            "p(90)": 4631.41139,
            "p(95)": 4747.903899999999
        },
        "http_req_connecting": {
            "avg": 7.920354901960784,
            "min": 0,
            "med": 7.02825,
            "max": 23.166,
            "p(90)": 16.77768,
            "p(95)": 17.602794999999993
        },
        "iteration_duration": {
            "max": 4884.2708,
            "p(90)": 4700.1253,
            "p(95)": 4815.86167,
            "avg": 3948.0078510000003,
            "min": 2683.3634,
            "med": 3988.0858
        },
        "vus_max": {
            "value": 100,
            "min": 100,
            "max": 100
        },
        "http_req_blocked": {
            "min": 0,
            "med": 7.02825,
            "max": 23.6775,
            "p(90)": 17.03095,
            "p(95)": 18.025214999999996,
            "avg": 8.145043137254904
        },
        "http_req_duration{expected_response:true}": {
            "avg": 3838.8056333333343,
            "min": 266.9015,
            "med": 3972.0099,
            "max": 4805.7313,
            "p(90)": 4631.48723,
            "p(95)": 4747.938085
        },
        "data_sent": {
            "rate": 5239.741001157229,
            "count": 28778
        },
        "http_reqs": {
            "count": 102,
            "rate": 18.57160268670642
        },
        "http_req_failed": {
            "passes": 0,
            "fails": 102,
            "thresholds": {
                "rate<0.05": false
            },
            "value": 0
        },
        "http_req_receiving": {
            "p(90)": 1.1034400000000002,
            "p(95)": 1.2826149999999996,
            "avg": 0.5183529411764707,
            "min": 0,
            "med": 0.5023,
            "max": 4.4922
        },
        "iterations": {
            "count": 100,
            "rate": 18.20745361441806
        },
        "vus": {
            "value": 29,
            "min": 29,
            "max": 100
        },
        "checks": {
            "fails": 0,
            "passes": 100,
            "value": 1
        }
    },
    "setup_data": {
        "habitacionIds": [
            1,
            2,
            3,
            4,
            5,
            6,
            7,
            8,
            9,
            10,
            11,
            12,
            13,
            14,
            15,
            16,
            17,
            18,
            19,
            20,
            21,
            22,
            23,
            24
        ],
        "personaIds": [
            6,
            1
        ]
    },
    "root_group": {
        "name": "",
        "path": "",
        "id": "d41d8cd98f00b204e9800998ecf8427e",
        "groups": {},
        "checks": {
                "crear reserva: status 201": {
                    "name": "crear reserva: status 201",
                    "path": "::crear reserva: status 201",
                    "id": "3288e68a06b72cfdb5df71c427515a1e",
                    "passes": 100,
                    "fails": 0
                }
            }
    }
}