{
    "root_group": {
        "groups": {},
        "checks": {
                "crear reserva: status 201": {
                    "name": "crear reserva: status 201",
                    "path": "::crear reserva: status 201",
                    "id": "3288e68a06b72cfdb5df71c427515a1e",
                    "passes": 0,
                    "fails": 100
                }
            },
        "name": "",
        "path": "",
        "id": "d41d8cd98f00b204e9800998ecf8427e"
    },
    "metrics": {
        "http_req_blocked": {
            "avg": 2.5585901960784296,
            "min": 0,
            "med": 1.0031,
            "max": 44.9688,
            "p(90)": 5.69285,
            "p(95)": 7.614224999999989
        },
        "data_sent": {
            "count": 28778,
            "rate": 5790.007583264153
        },
        "iterations": {
            "count": 100,
            "rate": 20.119562107388123
        },
        "vus_max": {
            "value": 100,
            "min": 100,
            "max": 100
        },
        "data_received": {
            "count": 47149,
            "rate": 9486.172338012426
        },
        "checks": {
            "passes": 0,
            "fails": 100,
            "value": 0
        },
        "http_req_failed": {
            "passes": 100,
            "fails": 2,
            "thresholds": {
                "rate<0.05": true
            },
            "value": 0.9803921568627451
        },
        "http_req_sending": {
            "min": 0,
            "med": 0,
            "max": 4.2784,
            "p(90)": 1.01545,
            "p(95)": 2.6151799999999934,
            "avg": 0.40219215686274495
        },
        "http_req_waiting": {
            "min": 373.8934,
            "med": 3377.4818999999998,
            "max": 3633.2064,
            "p(90)": 3575.9952500000004,
            "p(95)": 3613.56781,
            "avg": 3277.6125921568623
        },
        "iteration_duration": {
            "min": 2067.4739,
            "med": 3411.9174000000003,
            "max": 3655.7822,
            "p(90)": 3598.6304,
            "p(95)": 3623.37055,
            "avg": 3357.658468000001
        },
        "http_req_tls_handshaking": {
            "p(95)": 0,
            "avg": 0,
            "min": 0,
            "med": 0,
            "max": 0,
            "p(90)": 0
        },
        "http_req_duration": {
            "avg": 3278.54825490196,
            "min": 374.4034,
            "med": 3377.4818999999998,
            "max": 3633.2064,
            "p(90)": 3576.96187,
            "p(95)": 3614.2968849999997,
            "thresholds": {
                "p(95)<1500": true,
                "p(99)<3000": true
            }
        },
        "http_req_connecting": {
            "max": 44.9688,
            "p(90)": 3.598990000000003,
            "p(95)": 6.621454999999991,
            "avg": 2.179114705882352,
            "min": 0,
            "med": 0.99785
        },
        "http_req_receiving": {
            "min": 0,
            "med": 0.5187999999999999,
            "max": 2.0089,
            "p(90)": 1.0161,
            "p(95)": 1.0165,
            "avg": 0.533470588235294
        },
        "http_reqs": {
            "count": 102,
            "rate": 20.521953349535885
        },
        "http_req_duration{expected_response:true}": {
            "p(90)": 866.1967000000001,
            "p(95)": 893.51855,
            "avg": 647.6219,
            "min": 374.4034,
            "med": 647.6219000000001,
            "max": 920.8404
        },
        "vus": {
            "value": 96,
            "min": 0,
            "max": 100
        }
    },
    "setup_data": {
        "habitacionIds": [
            1,
            2,
            3,
            4,
            5,
            6,
            7,
            8,
            9,
            10,
            11,
            12,
            13,
            14,
            15,
            16,
            17,
            18,
            19,
            20,
            21,
            22,
            23,
            24
        ],
        "personaIds": [
            6,
            1
        ]
    }
}