{
    "root_group": {
        "name": "",
        "path": "",
        "id": "d41d8cd98f00b204e9800998ecf8427e",
        "groups": {},
        "checks": {
                "crear reserva: status 201": {
                    "path": "::crear reserva: status 201",
                    "id": "3288e68a06b72cfdb5df71c427515a1e",
                    "passes": 0,
                    "fails": 100,
                    "name": "crear reserva: status 201"
                }
            }
    },
    "metrics": {
        "http_req_failed{endpoint:crear_reserva}": {
            "passes": 100,
            "fails": 0,
            "thresholds": {
                "rate<0.05": true
            },
            "value": 1
        },
        "checks": {
            "fails": 100,
            "passes": 0,
            "value": 0
        },
        "http_req_connecting": {
            "p(90)": 9.710659999999999,
            "p(95)": 10.24807,
            "avg": 5.022937254901961,
            "min": 0,
            "med": 4.49635,
            "max": 10.582
        },
        "http_req_tls_handshaking": {
            "med": 0,
            "max": 0,
            "p(90)": 0,
            "p(95)": 0,
            "avg": 0,
            "min": 0
        },
        "http_reqs": {
            "count": 102,
            "rate": 19.56980165487999
        },
        "http_req_receiving": {
            "avg": 0.5563088235294117,
            "min": 0,
            "med": 0.53845,
            "max": 3.2501,
            "p(90)": 1.00396,
            "p(95)": 1.3177949999999992
        },
        "vus": {
            "value": 25,
            "min": 25,
            "max": 100
        },
        "vus_max": {
            "min": 100,
            "max": 100,
            "value": 100
        },
        "http_req_duration{endpoint:crear_reserva}": {
            "min": 3348.9431,
            "med": 3776.1382000000003,
            "max": 4302.4354,
            "p(90)": 4210.428510000001,
            "p(95)": 4260.7738899999995,
            "avg": 3799.4502710000006,
            "thresholds": {
                "p(99)<3000": true,
                "p(95)<1500": true
            }
        },
        "http_req_failed": {
            "passes": 100,
            "fails": 2,
            "value": 0.9803921568627451
        },
        "http_req_duration{expected_response:true}": {
            "avg": 435.01694999999995,
            "min": 259.4478,
            "med": 435.01694999999995,
            "max": 610.5861,
            "p(90)": 575.47227,
            "p(95)": 593.029185
        },
        "http_req_blocked": {
            "max": 20.1081,
            "p(90)": 10.19781,
            "p(95)": 10.393314999999998,
            "avg": 5.257925490196078,
            "min": 0,
            "med": 4.6635
        },
        "iteration_duration": {
            "med": 3808.28585,
            "max": 4337.0129,
            "p(90)": 4251.09739,
            "p(95)": 4300.300575,
            "avg": 3821.5637279999983,
            "min": 3369.4466
        },
        "http_req_waiting": {
            "med": 3765.18485,
            "max": 4301.4343,
            "p(90)": 4206.71029,
            "p(95)": 4257.977205,
            "avg": 3732.73011862745,
            "min": 258.4838
        },
        "data_received": {
            "count": 53449,
            "rate": 10254.767927957651
        },
        "iterations": {
            "count": 100,
            "rate": 19.18608005380391
        },
        "http_req_sending": {
            "min": 0,
            "med": 0,
            "max": 1.0577,
            "p(90)": 0.8221900000000006,
            "p(95)": 0.9973,
            "avg": 0.1945627450980392
        },
        "http_req_duration": {
            "max": 4302.4354,
            "p(90)": 4206.75416,
            "p(95)": 4259.393295,
            "avg": 3733.4809901960793,
            "min": 259.4478,
            "med": 3766.30425
        },
        "data_sent": {
            "rate": 5521.370117883689,
            "count": 28778
        },
        "reservas_status_500": {
            "count": 100,
            "rate": 19.18608005380391
        }
    },
    "setup_data": {
        "runOffsetDays": 1472,
        "habitacionIds": [
            1,
            2,
            3,
            4,
            5,
            6,
            7,
            8,
            9,
            10,
            11,
            12,
            13,
            14,
            15,
            16,
            17,
            18,
            19,
            20,
            21,
            22,
            23,
            24
        ],
        "personaIds": [
            6,
            1
        ]
    }
}